Nation ID,Nation Name,Leader Name,Update Timezone,Cities,Score,Money,Steel,Aluminum,Gasoline,Munitions,Uranium,Food,Soldiers,Tanks,Aircraft,Ships,Missiles,Nukes
330,Sinkleraken,Kurdanak,UTC +0,37,6717.50,50187648.00,18500.00,18500.00,18500.00,18500.00,9257.00,601103.00,0.00,18500.00,2775.00,0.00,0.00,0.00
1126,Rio Grande,Lansquenete,UTC +0,39,7165.00,770923266.00,31240.00,43497.00,23550.00,14264.00,38850.00,976640.00,0.00,19000.00,2850.00,0.00,0.00,0.00
1459,Synkomdi,Lilac Veritas,UTC +0,24,4300.00,953722337.00,30877.00,112664.00,29588.00,33106.00,2654.00,11020.00,0.00,12000.00,1800.00,0.00,0.00,3.00
3822,The Campbell Nation,Roger Campbell,UTC +0,31,5102.07,733753909.00,81841.00,6791.00,10324.00,15059.00,1167.00,48146.00,302211.00,14595.00,2325.00,45.00,6.00,3.00
5270,Belleroph,Callisto,UTC +0,36,6485.00,2000001.00,18000.00,18001.00,18000.00,18001.00,1.00,0.00,0.00,18000.00,2700.00,0.00,0.00,0.00
5488,Kadalle,Teredona,UTC +0,33,5967.50,318887933.00,26801.00,16668.00,15975.00,16979.00,1891.00,284156.00,0.00,16500.00,2475.00,0.00,0.00,0.00
6958,mang balong,ciriaco,UTC +0,28,5072.50,282884657.00,25782.00,20018.00,14530.00,20052.00,6043.00,340025.00,0.00,13500.00,2100.00,0.00,0.00,0.00
9669,Golden Way,J A Goldington,UTC +0,33,6558.88,145194652.00,16221.00,90528.00,16996.00,19339.00,40778.00,3498086.00,341796.00,27890.00,2475.00,140.00,7.00,1.00
9841,Kirkishvire,Alataq,UTC +0,36,6525.00,1026446.00,18000.00,18000.00,18000.00,18000.00,1820.00,5347.00,0.00,18000.00,2700.00,0.00,0.00,0.00
10340,The United Empire,Tali,UTC +0,26,4625.00,83141075.00,10894.00,45643.00,3702.00,3355.00,22019.00,2671.00,0.00,13000.00,1950.00,0.00,1.00,0.00
10483,The Locos,Zoot,UTC +0,43,7872.50,176336191.00,46446.00,21529.00,33803.00,35891.00,52808.00,1412371.00,0.00,21500.00,3225.00,0.00,5.00,1.00
12102,Mongolitana,MrBooty,UTC +0,39,6923.15,25387261.00,4008.00,9303.00,9795.00,9646.00,918.00,464298.00,19702.00,14274.00,2925.00,1.00,3.00,1.00
12837,Republic Of Pakistan,Ayaz Baig,UTC +0,39,7082.50,142906091.00,19500.00,19500.00,19500.00,19500.00,6856.00,1855829.00,0.00,19500.00,2925.00,0.00,0.00,0.00
15239,Mesonia,Balancer,UTC +0,36,6647.50,189634133.00,34858.00,18001.00,18001.00,18000.00,3774.00,466594.00,0.00,18000.00,2700.00,0.00,3.00,3.00
15950,United European Fatherlands,Explodingheads11,UTC +0,33,6638.48,14347879.00,25821.00,21941.00,28356.00,26661.00,4912.00,336851.00,15000.00,16500.00,2475.00,10.00,10.00,4.00
33252,Aneles,Vexz,UTC +0,37,6657.50,143062599.00,12086.00,13130.00,13958.00,17700.00,156.00,491974.00,0.00,18500.00,2775.00,0.00,4.00,0.00
35330,Texas Mesa,Cowboy,UTC +0,31,6619.13,69598110.00,19415.00,17418.00,17729.00,16529.00,2106.00,101060.00,0.00,23615.00,2325.00,0.00,0.00,2.00
35566,Roman Empire,Trajan,UTC +0,35,6337.50,49530662.00,34671.00,19301.00,19260.00,63615.00,5598.00,806510.00,0.00,17500.00,2625.00,0.00,3.00,2.00
40483,Best Australia,Rozz,UTC +0,32,5780.00,26045893.00,115399.00,20456.00,14357.00,76845.00,8122.00,205781.00,0.00,16000.00,2400.00,0.00,1.00,0.00
40697,The Reformed Spartan State,Rogue,UTC +0,31,5814.70,138264629.00,15500.00,15500.00,15501.00,15501.00,932.00,546949.00,93000.00,15500.00,2325.00,155.00,0.00,0.00
43325,United Britannic Kingdoms,George Tyler,UTC +0,25,4543.75,22308727.00,31380.00,14241.00,50000.00,50002.00,621.00,74553.00,0.00,12750.00,1875.00,0.00,0.00,2.00
44129,Shakuran,Azrimalos,UTC +0,35,6302.50,66728499.00,17500.00,17601.00,28732.00,17500.00,1302.00,208948.00,0.00,17500.00,2625.00,0.00,8.00,2.00
47184,Unknown,Unknown,UTC +0,34,6160.00,61296137.00,17000.00,17000.00,17000.00,17000.00,5118.00,118794.00,0.00,17000.00,2550.00,0.00,0.00,0.00
47243,Pobia,fdas,UTC +0,32,5735.00,172405385.00,157907.00,16008.00,16027.00,16059.00,8812.00,0.00,0.00,16000.00,2400.00,0.00,0.00,0.00
53088,Provincia,Dynamic,UTC +0,32,5538.61,531077487.00,8318.00,5829.00,10685.00,343605.00,1264.00,298397.00,0.00,16000.00,2400.00,0.00,0.00,0.00
54200,Chemistry,Pubstomper,UTC +0,32,5675.00,9143201.00,16035.00,15964.00,16000.00,19575.00,1179.00,95111.00,0.00,16000.00,2400.00,0.00,0.00,0.00
54283,Kilmarnock,bunnet,UTC +0,34,6687.86,74644144.00,32084.00,13637.00,13432.00,28048.00,780.00,86766.00,369591.00,29848.00,2550.00,106.00,1.00,0.00
56540,Nation_State,Syrano,UTC +0,36,6900.00,396165887.00,27571.00,20125.00,20000.00,20000.00,6975.00,491176.00,0.00,18000.00,2700.00,0.00,4.00,3.00
56669,Keynesian,John Maynard Keynes,UTC +0,37,7638.04,198088190.00,1929.00,18602.00,72227.00,19373.00,28763.00,279273.00,527905.00,41910.00,2692.00,122.00,0.00,0.00
56805,golden goose,potato,UTC +0,32,5695.00,350885694.00,30701.00,27933.00,91047.00,30838.00,7626.00,567500.00,0.00,16000.00,2400.00,0.00,0.00,0.00
58349,The Galactic Republic,Palpatine,UTC +0,33,6440.00,89965896.00,16500.00,16500.00,16500.00,16500.00,8822.00,1480308.00,0.00,16500.00,2475.00,0.00,0.00,0.00
63035,Nova Empire,AwesomeNova,UTC +0,34,6140.00,70829527.00,42575.00,19072.00,17034.00,17001.00,11429.00,192264.00,0.00,17000.00,2550.00,0.00,0.00,0.00
63120,Dunkingham,Bopolo,UTC +0,37,6565.67,101397317.00,73137.00,20876.00,19601.00,21042.00,2564.00,91820.00,551668.00,0.00,2775.00,0.00,10.00,0.00
64911,AddictedNation,AddictedBoy,UTC +0,37,6697.50,74029674.00,20466.00,18531.00,18501.00,18501.00,10381.00,44517.00,0.00,18500.00,2775.00,0.00,0.00,0.00
66816,Santa Cruz,Mateus,UTC +0,33,6027.50,384624678.00,16624.00,79231.00,29726.00,43345.00,3885.00,1566819.00,0.00,16500.00,2475.00,0.00,0.00,0.00
69692,Biscuitia,Steve Sten,UTC +0,40,7375.00,48001195.00,19875.00,14316.00,20279.00,20485.00,369.00,292444.00,0.00,20000.00,3000.00,0.00,0.00,0.00
75173,Hantuchova Land,Bagpuss,UTC +0,31,5582.50,57895578.00,17001.00,31430.00,17001.00,17001.00,10153.00,156942.00,0.00,15500.00,2325.00,0.00,0.00,0.00
82005,Anzuria,Ralph Alexander I,UTC +0,27,4842.50,55715133.00,104990.00,8914.00,14404.00,21747.00,1989.00,102878.00,0.00,13500.00,2025.00,0.00,10.00,0.00
82596,Sarawak,Mac,UTC +0,31,5681.40,46528422.00,35673.00,42052.00,32481.00,27084.00,8266.00,6869.00,27500.00,15500.00,930.00,39.00,2.00,2.00
84093,Abyss break,Arezki,UTC +0,30,5280.00,33022686.00,15001.00,15000.00,18038.00,15003.00,1433.00,93936.00,0.00,15000.00,2250.00,0.00,2.00,0.00
86779,New Eastern Roman Empire,Georgius Maximus,UTC +0,31,5602.50,71900845.00,15501.00,42318.00,15506.00,16077.00,982.00,60034.00,0.00,15500.00,2325.00,0.00,0.00,0.00
88166,Mesun,Mhearl24,UTC +0,31,5542.50,124204491.00,11458.00,98624.00,9094.00,37625.00,3187.00,12144.00,0.00,15500.00,2325.00,0.00,0.00,0.00
89174,Provoland,Hans Poelkamp,UTC +0,32,5795.00,877855762.00,143929.00,12759.00,11205.00,12482.00,8096.00,169173.00,0.00,16000.00,2400.00,0.00,0.00,0.00
93883,Hessen,Kitsune,UTC +0,26,5017.87,24402082.00,7193.00,11655.00,13161.00,12938.00,2113.00,78821.00,389869.00,19328.00,1950.00,85.00,6.00,0.00
93998,Naji,Narimuros,UTC +0,30,5410.00,506542173.00,10090.00,79493.00,14776.00,14717.00,4094.00,688585.00,0.00,15000.00,2250.00,0.00,0.00,0.00
94036,Soyix,Soyti,UTC +0,31,5512.50,265446394.00,24639.00,24474.00,16484.00,16628.00,27477.00,824442.00,0.00,15000.00,2250.00,0.00,1.00,0.00
101876,Pax Britannica,Harry Flashman,UTC +4,40,7215.00,2087077.00,19283.00,18459.00,19000.00,19001.00,515.00,85539.00,0.00,20000.00,3000.00,0.00,0.00,0.00
102731,Zapote,Kung Shake Sao,UTC +0,33,5982.50,385479249.00,25098.00,22941.00,27771.00,25048.00,2154.00,456162.00,0.00,16500.00,2475.00,0.00,0.00,1.00
103480,USNAR,Alexandre Emmerton,UTC +0,33,5967.50,42489691.00,16500.00,16500.00,23156.00,16500.00,1994.00,158750.00,0.00,16500.00,2475.00,0.00,0.00,0.00
108614,Waterland,Captain Parrish,UTC +0,31,5567.50,45431695.00,90809.00,21634.00,16048.00,16027.00,8743.00,11220.00,0.00,15500.00,2325.00,0.00,1.00,0.00
113879,Lux in Tenebris,xOps Assassin25,UTC +0,31,5502.50,45923630.00,15501.00,15501.00,34751.00,15501.00,6029.00,78338.00,0.00,15500.00,2325.00,0.00,0.00,0.00
115102,The Republic of New China,B0i,UTC +0,29,5157.50,100074926.00,13774.00,13267.00,42663.00,11493.00,1459.00,216572.00,0.00,14500.00,2175.00,0.00,0.00,0.00
119396,American Alliance Republic,Rocco Lima,UTC +0,24,4325.00,140321678.00,28641.00,12419.00,12480.00,12222.00,10446.00,118057.00,0.00,12000.00,1800.00,0.00,3.00,1.00
124267,Limbuwan,Limbu,UTC +0,35,6352.50,75561813.00,17704.00,6891.00,54200.00,17500.00,2348.00,1660788.00,0.00,17500.00,2625.00,0.00,0.00,0.00
130019,FlyingDutchMan,Lory_FlyingDutchMan,UTC +0,31,5742.50,212606078.00,18384.00,35088.00,18112.00,20832.00,5512.00,222368.00,0.00,15500.00,2325.00,0.00,7.00,7.00
131388,Hypelandia,Tojoky,UTC +0,30,5550.00,58081676.00,15000.00,18131.00,15001.00,16019.00,2570.00,134000.00,0.00,15000.00,2250.00,0.00,6.00,6.00
137086,Kariental Los Lantaless,Bariona Gador,UTC +0,20,3315.00,95852076.00,15523.00,10352.00,36535.00,10008.00,997.00,140377.00,0.00,10000.00,1500.00,0.00,0.00,0.00
141365,Aquileon,Aquileius XIV Caesar,UTC +0,31,5622.50,39435629.00,15501.00,15533.00,15500.00,15501.00,2122.00,291552.00,0.00,15500.00,2325.00,0.00,0.00,0.00
143884,Ancients,Pheonix331,UTC +0,25,4593.58,17850935.00,6746.00,1718.00,15089.00,125.00,5268.00,74599.00,375000.00,15857.00,1875.00,15.00,0.00,0.00
155458,Riddermark,Blackburn,UTC +0,26,4931.67,43051948.00,29354.00,6420.00,4788.00,3696.00,128.00,134421.00,226560.00,18781.00,1950.00,83.00,1.00,0.00
158176,Paradis Island,Historia Reiss,UTC +0,26,4680.00,65071158.00,12710.00,31644.00,12500.00,12500.00,2482.00,43278.00,0.00,13000.00,1950.00,0.00,0.00,0.00
158504,Luciana,Lucianus,UTC +0,33,5987.50,35963848.00,16000.00,24699.00,16001.00,16001.00,6007.00,424834.00,0.00,16500.00,2475.00,0.00,0.00,0.00
160467,Kazlandia,Kaz,UTC +0,30,6061.50,29595473.00,9085.00,12764.00,15103.00,22506.00,1003.00,142682.00,330000.00,31500.00,2250.00,2.00,9.00,0.00
161237,Zakuul,Valkorion Baratheon,UTC +0,34,6180.00,39626096.00,17000.00,17000.00,17001.00,17001.00,2229.00,155591.00,0.00,17000.00,2550.00,0.00,0.00,0.00
161940,Bobdom,Cosmos,UTC +0,34,6525.00,1145369.00,19209.00,19266.00,17166.00,26857.00,11107.00,30438.00,0.00,16500.00,2475.00,0.00,0.00,0.00
162090,London,Nicholas I,UTC +0,29,4875.00,33004430.00,15000.00,15001.00,15000.00,15001.00,3523.00,117181.00,0.00,14500.00,2175.00,0.00,0.00,0.00
162744,Carensians,Michael Baratheon,UTC +0,33,5892.50,9727468.00,20000.00,20214.00,20013.00,20068.00,1822.00,3161300.00,0.00,16000.00,2400.00,0.00,0.00,0.00
166562,Manitoba South,Jordan,UTC +0,31,5617.50,32267098.00,15500.00,17010.00,15500.00,15500.00,2198.00,250394.00,0.00,15500.00,2325.00,0.00,3.00,0.00
169010,Frostpunk,Roman200,UTC +0,23,4078.53,289075633.00,72429.00,10447.00,9483.00,138143.00,5102.00,169512.00,0.00,11341.00,1725.00,0.00,0.00,0.00
181566,Maerst,Ragver,UTC +0,22,3750.00,31574654.00,7498.00,73.00,47814.00,10327.00,5794.00,408373.00,0.00,11000.00,1650.00,0.00,0.00,9.00
183380,Lrys,Ketya,UTC +0,32,5720.00,62632850.00,5128.00,18486.00,22798.00,16731.00,2130.00,581791.00,0.00,16000.00,2400.00,0.00,8.00,3.00
183704,Eternal Doctrine,Ur-Quan Kohr-ah,UTC +0,33,5982.50,436744900.00,17193.00,30525.00,54986.00,17000.00,9350.00,254749.00,0.00,16500.00,2475.00,0.00,0.00,1.00
184030,Vius,Vodu,UTC +0,28,5086.38,104620578.00,9618.00,27374.00,11297.00,11182.00,894.00,97429.00,141224.00,20386.00,2100.00,0.00,0.00,0.00
184224,New Englander Union,Grant I,UTC +0,18,2935.00,44322732.00,17792.00,10642.00,10027.00,9284.00,1071.00,16955.00,0.00,9000.00,1350.00,0.00,0.00,0.00
188288,Slovakia-Moravia,Dany,UTC +0,26,4700.00,17995113.00,45343.00,12587.00,11118.00,12500.00,3942.00,31983.00,0.00,13000.00,1950.00,0.00,0.00,0.00
188300,Reveron,Frog,UTC -10,28,4985.00,42508566.00,18676.00,38231.00,3260.00,24265.00,6097.00,109774.00,0.00,14000.00,2100.00,0.00,0.00,0.00
188857,Ianco,Ian The Great,UTC +0,26,4680.00,21400625.00,19954.00,22385.00,51701.00,22208.00,2192.00,23029.00,0.00,13000.00,1950.00,0.00,0.00,0.00
190283,Peak of Serenity,Leo,UTC +0,30,5430.00,15276099.00,15000.00,21848.00,15000.00,15001.00,2958.00,173003.00,0.00,15000.00,2250.00,0.00,0.00,0.00
190416,Pacific Federation,Jason Kingsley,UTC +0,28,5045.00,13519705.00,15001.00,15001.00,15001.00,15001.00,3888.00,305593.00,0.00,14000.00,2100.00,0.00,0.00,0.00
195544,Master Brew,Exalts,UTC +0,30,5430.00,7385968.00,15000.00,15000.00,15000.00,15000.00,5049.00,122984.00,0.00,15000.00,2250.00,0.00,0.00,0.00
201433,Global Occult Coalition,DC Night,UTC +0,28,5070.00,17560572.00,10260.00,14001.00,14001.00,14001.00,875.00,80000.00,0.00,14000.00,2100.00,0.00,1.00,0.00
202000,Gunner Empire,Gunnerboy41,UTC +0,25,4532.50,33046544.00,8441.00,1930.00,41924.00,6777.00,8580.00,482910.00,0.00,12500.00,1875.00,0.00,25.00,0.00
202163,Thangathang,Shimmy Sham,UTC +0,23,4102.50,60504364.00,72108.00,10956.00,11088.00,11057.00,77.00,68099.00,0.00,11500.00,1725.00,0.00,0.00,0.00
203297,Mittlemazigste,Viermitz,UTC +0,10,1430.00,150954992.00,3091.00,3068.00,4608.00,16134.00,1644.00,0.00,0.00,5000.00,750.00,0.00,0.00,0.00
207620,Calico,-Mike-,UTC +0,30,5390.97,38446623.00,15000.00,36981.00,15001.00,15001.00,776.00,93076.00,0.00,15000.00,2250.00,0.00,0.00,0.00
209824,Avexo,James VI,UTC +0,24,4254.69,28503466.00,4198.00,8252.00,12362.00,9067.00,923.00,0.00,0.00,13484.00,1800.00,31.00,0.00,0.00
210945,Tzion,Solomon Ben-David,UTC +0,31,5612.50,37472843.00,15501.00,18440.00,15500.00,15500.00,1500.00,189021.00,0.00,15500.00,2325.00,0.00,2.00,0.00
213648,Emeraldlite,GIZOR,UTC +0,26,4700.00,58339436.00,14211.00,36196.00,15000.00,15000.00,15014.00,81244.00,0.00,13000.00,1950.00,0.00,0.00,0.00
214987,Celestial Empire of Avalon,Anorna Sharnath,UTC +0,27,4892.50,40246482.00,26885.00,26885.00,14072.00,14260.00,1809.00,185635.00,0.00,13500.00,2025.00,0.00,0.00,0.00
215031,Estado do Rio de Janeiro,Rafael Azevedo,UTC +0,24,4235.00,42072354.00,10711.00,10700.00,84004.00,11500.00,8907.00,337149.00,0.00,12000.00,1800.00,0.00,0.00,0.00
216628,Vannevar Republic,Hasegawa,UTC +0,25,4487.50,15821878.00,10632.00,11853.00,20217.00,8133.00,1680.00,53571.00,0.00,12500.00,1875.00,0.00,0.00,0.00
217701,El Dorado,Nacho Libre,UTC +0,34,7185.00,56982963.00,17001.00,20827.00,20810.00,17001.00,1967.00,130397.00,0.00,17000.00,2550.00,0.00,7.00,4.00
218545,Ahkrins Lair,Ahkrin,UTC +0,24,4180.00,3973855.00,10960.00,11075.00,11500.00,11500.00,899.00,44356.00,0.00,11500.00,1725.00,0.00,0.00,0.00
218831,Philmont,Zeppelin3252,UTC +0,16,2530.25,3991364.00,2205.00,4488.00,2990.00,2823.00,660.00,58629.00,0.00,7500.00,1125.00,14.00,0.00,0.00
221820,Gunfighter Ballads,Marty Robbins,UTC +0,13,2541.25,34735259.00,9657.00,7597.00,1890.00,2152.00,1396.00,0.00,180000.00,14750.00,885.00,175.00,0.00,0.00
223994,Serulum,Mr Neo,UTC +0,30,5470.00,224397809.00,154013.00,7606.00,15640.00,15838.00,9621.00,105168.00,0.00,15000.00,2250.00,0.00,0.00,0.00
224919,Astrasa,DiamondBlocker10,UTC +0,25,4427.50,34722542.00,12524.00,12511.00,12501.00,12500.00,2303.00,190614.00,0.00,12500.00,1875.00,0.00,0.00,0.00
225762,Lios Tuathail,wasteking,UTC +0,30,5430.00,30500000.00,15001.00,15001.00,15000.00,15000.00,1570.00,196505.00,0.00,15000.00,2250.00,0.00,0.00,0.00
227587,The Great Furry Republic,Treugon,UTC +0,23,4087.50,101475504.00,12825.00,11728.00,13268.00,66526.00,1901.00,798066.00,0.00,11500.00,1725.00,0.00,9.00,0.00
228538,Miles Kingdom,Sir King Hayden,UTC +0,21,3754.30,105543740.00,5947.00,1324.00,3602.00,157378.00,0.00,0.00,285000.00,10976.00,1278.00,0.00,0.00,0.00
235415,Van Diemens Land,General Kurnai,UTC +0,28,5085.00,8303932.00,14000.00,12311.00,14001.00,14362.00,1457.00,33838.00,0.00,14000.00,2100.00,0.00,0.00,0.00
236140,Denmarks,Hans Westergaard,UTC +0,14,2275.00,48548551.00,1118.00,1852.00,4278.00,57861.00,1180.00,35810.00,0.00,7000.00,1050.00,0.00,0.00,0.00
236539,bornesia,chernarus,UTC +0,25,4357.50,67816340.00,21479.00,18917.00,54430.00,12218.00,3118.00,53371.00,0.00,12000.00,1800.00,0.00,5.00,0.00
237095,Wtfland,Keno,UTC +0,26,4680.00,2672031.00,5735.00,9473.00,10781.00,63405.00,990.00,168841.00,0.00,13000.00,1950.00,0.00,0.00,0.00
239452,Staten Island,Benaron,UTC -4,27,4907.50,21101840.00,18099.00,15229.00,13501.00,13949.00,1425.00,85840.00,0.00,13500.00,2025.00,0.00,3.00,0.00
239614,Belliana,Donnabello,UTC +0,23,4162.52,38545128.00,12916.00,43244.00,15728.00,50852.00,4240.00,99329.00,0.00,11500.00,1725.00,0.00,0.00,0.00
239851,Kaniva,Chatham,UTC +0,19,3305.71,36374298.00,8559.00,3481.00,8818.00,8981.00,430.00,41550.00,270000.00,13500.00,1350.00,20.00,0.00,0.00
240627,Capitol,RandoM,UTC +0,17,2953.77,5027381.00,3929.00,5631.00,4764.00,15935.00,1139.00,47760.00,229049.00,11469.00,1200.00,57.00,0.00,0.00
241275,Meechlandia,Meech,UTC +0,26,4640.00,159219831.00,13587.00,10500.00,12500.00,12397.00,1305.00,66881.00,0.00,13000.00,1950.00,0.00,0.00,0.00
243908,Spagistan,Magic,UTC +0,26,4640.00,29227246.00,11785.00,11650.00,13000.00,13000.00,1520.00,110865.00,0.00,13000.00,1950.00,0.00,0.00,0.00
247304,Galbadia,Vinzer Deling,UTC +0,25,4587.50,34545554.00,88311.00,12237.00,12762.00,12576.00,1310.00,80652.00,0.00,12500.00,1875.00,0.00,0.00,4.00
252390,The Slovak-German Empire,srejer the Great,UTC +0,21,3470.00,22835192.00,10349.00,9993.00,10468.00,10720.00,817.00,41993.00,0.00,10500.00,1575.00,0.00,3.00,0.00
253385,Letterkenny,Shoresy,UTC +0,25,4527.59,27159205.00,12500.00,23564.00,13693.00,13911.00,2135.00,126875.00,0.00,12500.00,1875.00,0.00,5.00,1.00
253633,Aluminus,FoilFlipper,UTC +0,24,4781.73,10535806.00,11844.00,11767.00,10261.00,9562.00,1607.00,67196.00,289135.00,23003.00,1800.00,116.00,0.00,0.00
254966,Krandor,Kart,UTC +0,20,3335.00,58813901.00,39592.00,14712.00,15913.00,15865.00,9038.00,232845.00,0.00,10000.00,1500.00,0.00,0.00,0.00
259361,Reggae Central,Bob Marley,UTC +0,16,2590.71,31677764.00,9979.00,1838.00,6825.00,6386.00,0.00,43862.00,0.00,8000.00,1200.00,0.00,0.00,0.00
261597,Scuvika,Mark Grace,UTC +0,26,4680.00,203102275.00,13001.00,13001.00,19552.00,13001.00,1870.00,108919.00,0.00,13000.00,1950.00,0.00,0.00,0.00
263625,Utopian Zealandian Union,Ora_Poix,UTC +0,24,4026.12,141615924.00,10351.00,115346.00,10071.00,10088.00,1988.00,0.00,0.00,7311.00,1726.00,0.00,0.00,0.00
268539,Zadia,Lilkhi2X,UTC +0,22,3820.00,9162434.00,49191.00,22015.00,21235.00,23698.00,5355.00,37028.00,0.00,10000.00,1500.00,0.00,0.00,0.00
272644,2nd Rhodesia,Ian Douglas Smith,UTC +0,16,2510.25,5849676.00,2358.00,2811.00,615.00,2001.00,884.00,11016.00,0.00,7500.00,1125.00,0.00,0.00,0.00
273619,New Atlean,Gryffin,UTC +0,20,3330.00,21808844.00,15626.00,10002.00,10001.00,10001.00,960.00,67542.00,0.00,10000.00,1500.00,0.00,3.00,0.00
276832,Colony of Nassau,Edward Teach,UTC +0,13,2102.50,14840608.00,4859.00,6730.00,7017.00,5494.00,2807.00,25538.00,0.00,6500.00,975.00,0.00,0.00,0.00
277807,Albusia,Jean De Charleroi,UTC +0,19,3115.00,31115818.00,9336.00,8577.00,10568.00,8511.00,2972.00,91468.00,0.00,9500.00,1425.00,0.00,0.00,0.00
278370,Tir na nOg,Stress A M,UTC +0,24,4033.87,13305526.00,4282.00,10894.00,10127.00,10817.00,14419.00,487437.00,37717.00,9868.00,1576.00,6.00,0.00,0.00
278642,Wisteria,Arcadia,UTC +0,21,3455.00,177587447.00,46688.00,11715.00,11201.00,10910.00,250.00,53128.00,0.00,10500.00,1575.00,0.00,0.00,0.00
278925,Nuurian Empire,Bal Nuur,UTC +0,25,4427.50,22373535.00,12565.00,12640.00,12792.00,12576.00,2097.00,81193.00,0.00,12500.00,1875.00,0.00,0.00,0.00
279413,The great ark,Noah of ark,UTC +0,19,3135.00,18975966.00,5555.00,7855.00,14866.00,3288.00,2115.00,16685.00,0.00,9500.00,1425.00,0.00,0.00,0.00
280143,GodFall,Henry Leabolt,UTC +0,15,2435.00,152346167.00,1522.00,5771.00,7338.00,7791.00,7078.00,379230.00,0.00,7500.00,1125.00,0.00,0.00,0.00
282627,The Terrene Plane,Tansis XIII,UTC +0,23,3775.00,41533653.00,58106.00,229.00,2083.00,21055.00,630.00,13301.00,0.00,11500.00,1725.00,0.00,0.00,0.00
286558,Ascain,Andreww,UTC +0,24,3935.00,28841330.00,28362.00,12000.00,12000.00,12000.00,855.00,35037.00,0.00,12000.00,1800.00,0.00,0.00,0.00
291832,Union of Oceanic Polities,Kars,UTC +0,16,2879.01,12969301.00,2416.00,2236.00,50869.00,0.00,10081.00,0.00,165461.00,13718.00,1155.00,101.00,0.00,0.00
293734,United Airships,Stanley Tapper,UTC +0,24,3995.00,261099283.00,31243.00,12200.00,31853.00,12001.00,10242.00,103286.00,0.00,12000.00,1800.00,0.00,0.00,0.00
293757,Hituis,Twilight,UTC +0,21,3492.50,22639965.00,10500.00,10501.00,13529.00,10500.00,1389.00,75147.00,0.00,10500.00,1575.00,0.00,5.00,0.00
293976,Visegrad Group,Thonk,UTC +0,23,3910.00,53827375.00,11448.00,10950.00,12770.00,10715.00,7673.00,257284.00,0.00,11500.00,1725.00,0.00,0.00,0.00
294035,Aqayua,Melisma Ramijozana,UTC +0,16,2615.00,33872686.00,3514.00,10924.00,13514.00,17543.00,528.00,0.00,0.00,8000.00,1200.00,0.00,0.00,0.00
296477,Holy Eastern Orthodox Empire,Spyridon Palaiologos,UTC +0,18,2955.00,32015242.00,9950.00,7751.00,8501.00,8501.00,643.00,60174.00,0.00,9000.00,1350.00,0.00,0.00,0.00
296559,Kingdom of karachi,Kalach,UTC +0,23,3816.00,28203550.00,11511.00,11526.00,16616.00,11500.00,1058.00,123286.00,0.00,11500.00,1725.00,1.00,0.00,1.00
298643,United Northen States Canada,Igor Amorim,UTC +0,10,1590.84,1885702.00,1447.00,1.00,848.00,522.00,40.00,0.00,89901.00,7583.00,741.00,3.00,0.00,0.00
301113,Sergeantia,Sultana,UTC +0,23,3815.00,26539571.00,13848.00,12251.00,11571.00,11550.00,5580.00,88271.00,0.00,11500.00,1725.00,0.00,0.00,0.00
304480,Dragonic,Kosmik,UTC +0,25,4507.50,2982523.00,5039.00,13606.00,71.00,8433.00,1140.00,67482.00,0.00,12500.00,1875.00,0.00,0.00,0.00
305420,Sylvania,KyleT,UTC -6,22,3910.00,52871395.00,14443.00,8174.00,10501.00,10501.00,4206.00,55405.00,0.00,11000.00,1650.00,0.00,0.00,0.00
317384,Svartalfheim,Hreidmar,UTC +0,19,2930.09,45116037.00,8385.00,38293.00,7019.00,7131.00,310.00,12114.00,0.00,4100.00,1425.00,0.00,0.00,0.00
317676,Kotch,Harvin Galligeo,UTC +0,3,253.00,19544361.00,435.00,522.00,130.00,232.00,267.00,13755.00,45000.00,0.00,0.00,0.00,0.00,0.00
327672,MahoganyCrab,Crabby,UTC +0,21,3455.00,82728153.00,15146.00,10586.00,10567.00,10544.00,1128.00,67905.00,0.00,10500.00,1575.00,0.00,0.00,0.00
332443,Krusty Krab,Patrick Starr,UTC +0,17,2816.00,33493190.00,5950.00,7488.00,3863.00,15002.00,689.00,0.00,0.00,8500.00,1275.00,1.00,1.00,1.00
333776,African Trade Coalition,Hap Zorkez,UTC +0,14,2240.00,30123951.00,7172.00,12537.00,7070.00,7036.00,632.00,42910.00,0.00,6500.00,975.00,0.00,0.00,0.00
337223,Anabasia,Anabas Testudineus,UTC +0,21,3455.00,33662581.00,10500.00,37599.00,10501.00,10502.00,4031.00,24596.00,0.00,10500.00,1575.00,0.00,0.00,0.00
339148,Canuckistan,Tsalaph,UTC +0,17,2787.32,70389307.00,8587.00,10343.00,8504.00,8513.00,859.00,97475.00,0.00,8500.00,1275.00,0.00,0.00,0.00
339597,Republic of Swanson,Ron_Swanson,UTC +0,15,2435.00,54253561.00,14023.00,7500.00,7500.00,7500.00,2224.00,75008.00,0.00,7500.00,1125.00,0.00,0.00,0.00
342092,Juda,Avigail,UTC +0,14,2275.00,24071858.00,9492.00,6000.00,6000.00,6000.00,2541.00,30665.00,0.00,7000.00,1050.00,0.00,0.00,0.00
343152,Hintonia,Markeretik,UTC +0,14,2275.00,52481162.00,9580.00,8545.00,8274.00,7696.00,3288.00,90781.00,0.00,7000.00,1050.00,0.00,0.00,0.00
348663,The Britannian Federation,Alt9o,UTC +0,10,1625.34,2971727.00,5278.00,5085.00,4887.00,4829.00,564.00,40709.00,950.00,5407.00,750.00,0.00,0.00,0.00
349795,Aylion,Arrietta,UTC +0,21,3475.00,22685154.00,15283.00,10501.00,10700.00,10501.00,2964.00,62554.00,0.00,10500.00,1575.00,0.00,0.00,0.00
351800,New Gondor,Melsiador,UTC +0,16,2709.25,41313204.00,9926.00,8615.00,7064.00,9354.00,966.00,41039.00,240000.00,7750.00,1200.00,72.00,0.00,0.00
354287,TarValon,Egwene alVere,UTC +0,21,3455.00,61750817.00,13894.00,10537.00,10509.00,10577.00,648.00,92620.00,0.00,10500.00,1575.00,0.00,0.00,0.00
356309,Brassbongo,Pontius Pilot,UTC +0,11,1795.00,31428420.00,3159.00,1828.00,5557.00,11315.00,2869.00,48772.00,0.00,5500.00,825.00,0.00,0.00,0.00
360082,Weltschmerzland,Verzagenoid,UTC +0,17,2795.00,39642787.00,14851.00,9849.00,8688.00,11543.00,767.00,36846.00,0.00,8500.00,1275.00,0.00,0.00,0.00
363311,United Asia-Pacific States,mars_gorilla,UTC +0,14,2252.50,13070577.00,4941.00,5230.00,5690.00,5684.00,0.00,0.00,0.00,7000.00,975.00,0.00,0.00,0.00
363631,Aetherius,Coren Sol Ward,UTC +0,11,1795.00,17946676.00,5500.00,6862.00,5500.00,5500.00,440.00,21484.00,0.00,5500.00,825.00,0.00,0.00,0.00
368152,Merseyside Peoples Republic,Purple Aki,UTC +0,14,3001.50,14859115.00,8477.00,8486.00,7269.00,8435.00,1052.00,57919.00,210000.00,17500.00,1050.00,210.00,11.00,5.00
369624,Borgir,Spud,UTC +0,14,2275.00,33082189.00,7011.00,15429.00,4860.00,7000.00,811.00,54989.00,0.00,7000.00,1050.00,0.00,0.00,0.00
373336,Cooperland,Jaiveer,UTC +0,4,409.76,4077238.00,50.00,1.00,926.00,34.00,249.00,4203.00,53560.00,691.00,25.00,5.00,4.00,0.00
374536,Sarvnia,Savnia,UTC +0,11,1637.50,16252941.00,656.00,5849.00,2758.00,2883.00,2243.00,44722.00,0.00,5500.00,825.00,0.00,0.00,0.00
376456,Soland,Harry I,UTC -2,11,1795.00,48964366.00,836.00,1760.00,2249.00,18467.00,1394.00,233286.00,0.00,5500.00,825.00,0.00,0.00,0.00
376686,Andromeda,Kath,UTC +0,11,1740.00,105002515.00,8052.00,3023.00,2064.00,4000.00,0.00,0.00,0.00,5000.00,750.00,0.00,0.00,0.00
381524,Datan,TwistedLock,UTC +0,15,2437.50,41937307.00,8002.00,6140.00,6500.00,8541.00,64.00,38749.00,0.00,7500.00,1125.00,15.00,0.00,0.00
383920,Pacific Trade Union,Percy,UTC +0,17,2760.00,13327959.00,15462.00,9249.00,9057.00,9046.00,1826.00,63189.00,0.00,8000.00,1200.00,0.00,0.00,0.00
384944,Doshon,Alexander Phillips,UTC +0,3,270.48,42503780.00,1141.00,39.00,1.00,787.00,206.00,17344.00,38615.00,0.00,0.00,0.00,0.00,0.00
386357,Shivpuri,Darkflame 10,UTC +0,11,1775.00,44098513.00,5422.00,1239.00,19435.00,3563.00,309.00,0.00,0.00,5500.00,825.00,0.00,0.00,0.00
388014,Aledonia,Mikoz,UTC +0,11,1587.50,38543874.00,3866.00,3842.00,5128.00,5534.00,0.00,0.00,0.00,4400.00,750.00,0.00,0.00,0.00
388864,Berrycloth,Mr Berrycloth,UTC +0,16,2636.00,15214880.00,13352.00,11438.00,10432.00,10198.00,1773.00,139491.00,0.00,8000.00,1200.00,1.00,0.00,0.00
389213,Secretum Secretorum,Maden,UTC +0,16,2615.00,17616818.00,8001.00,8784.00,8001.00,8001.00,1002.00,51589.00,0.00,8000.00,1200.00,0.00,0.00,0.00
389711,Republic of Leafre,Feal,UTC +0,18,2920.00,12084689.00,6299.00,6873.00,10297.00,7000.00,331.00,15016.00,0.00,8500.00,1275.00,0.00,0.00,0.00
394893,Scourge,Kakunos,UTC +0,15,2435.00,86402481.00,7828.00,7896.00,8012.00,10632.00,1019.00,108281.00,0.00,7500.00,1125.00,0.00,0.00,0.00
396844,Kazenia,Sixe,UTC +0,10,1615.00,142637468.00,8972.00,5506.00,6751.00,9910.00,1028.00,16049.00,0.00,5000.00,750.00,0.00,0.00,0.00
398209,Bharat 174,Bharat174,UTC +0,10,1450.00,142880832.00,4128.00,1336.00,5053.00,4975.00,1421.00,35106.00,0.00,5000.00,750.00,0.00,0.00,0.00
399918,Cilicia,Oscarine,UTC +0,13,2124.75,30519559.00,12167.00,4648.00,6437.00,5119.00,4961.00,47883.00,0.00,7250.00,945.00,0.00,0.00,0.00
400355,The Ember Tiara,Lady Luck,UTC +0,16,2615.00,5668116.00,10001.00,12008.00,10000.00,10000.00,518.00,0.00,0.00,8000.00,1200.00,0.00,0.00,0.00
401058,Mortis,Kebekvab,UTC +0,11,1775.00,41004013.00,5501.00,5671.00,8802.00,6456.00,684.00,67408.00,0.00,5500.00,825.00,0.00,0.00,0.00
402062,Archadia,Gerious,UTC +0,10,1455.00,18416876.00,65.00,209.00,1084.00,4334.00,902.00,0.00,0.00,5000.00,750.00,0.00,0.00,0.00
406153,IMPERIAL STATE OF PANJAB,Imperial,UTC +8,10,1457.75,22771464.00,5203.00,1583.00,7678.00,5333.00,591.00,27460.00,0.00,5000.00,750.00,0.00,0.00,0.00
406397,Finesse,Finesse,UTC +0,18,2955.00,39565574.00,8711.00,4927.00,7000.00,7001.00,2689.00,46970.00,0.00,9000.00,1350.00,0.00,0.00,0.00
407426,Free State,RedLifeSoul,UTC +0,12,1955.00,85323516.00,13689.00,7334.00,14571.00,10420.00,11703.00,81240.00,0.00,6000.00,900.00,0.00,0.00,0.00
408783,Aeron,Walter Delroy,UTC +0,10,1408.69,80442243.00,4501.00,4702.00,4854.00,4844.00,361.00,6945.00,0.00,4446.00,725.00,0.00,0.00,0.00
411132,Federation,Michael M,UTC +0,11,1775.00,43971042.00,8051.00,7690.00,5827.00,5716.00,2670.00,19621.00,0.00,5500.00,825.00,0.00,0.00,0.00
411315,Savant,Blaine,UTC +0,11,1740.00,79572609.00,5031.00,5719.00,9066.00,5167.00,2561.00,0.00,0.00,5000.00,750.00,0.00,0.00,0.00
412217,Morocco Kingdom,Aljison,UTC +0,3,272.61,82982592.00,8407.00,959.00,1940.00,1372.00,619.00,15589.00,44030.00,0.00,0.00,0.00,0.00,0.00
412229,Cerberus,TheLastSamurai,UTC +0,10,1615.00,10705944.00,5000.00,5000.00,5000.00,5000.00,481.00,28040.00,0.00,5000.00,750.00,0.00,0.00,0.00
413579,IRAN EMPIER,mohrez,UTC +0,3,252.77,13944808.00,0.00,6.00,1.00,625.00,236.00,5108.00,44406.00,0.00,0.00,0.00,0.00,0.00
413862,Halcyon Republic,Nahtalis,UTC +0,12,1921.01,31251530.00,7308.00,4142.00,4276.00,7488.00,116.00,65.00,11000.00,6000.00,862.00,0.00,0.00,0.00
414397,Aghus,Chara,UTC +0,10,1486.99,16150845.00,1804.00,968.00,3831.00,3948.00,0.00,0.00,4968.00,6500.00,675.00,0.00,0.00,0.00
414565,Raxtion,raxkin,UTC +0,10,1450.00,43594836.00,6850.00,5079.00,6007.00,6356.00,371.00,25584.00,0.00,5000.00,750.00,0.00,0.00,0.00
414751,Flaminion Order,Fire Lee Rose,UTC +0,3,286.47,2683917.00,17.00,57.00,285.00,400.00,64.00,3797.00,41562.00,346.00,44.00,13.00,0.00,0.00
417180,pola,Pan X,UTC +0,3,252.33,14746738.00,1386.00,1209.00,2126.00,587.00,492.00,5593.00,43321.00,0.00,0.00,0.00,0.00,0.00
418046,Republica Kubana,Daves,UTC +0,10,1450.00,13069424.00,6327.00,5010.00,5635.00,6056.00,516.00,28398.00,0.00,5000.00,750.00,0.00,0.00,0.00
419681,Barus,Tarnished one,UTC +0,10,1699.44,2565509.00,362.00,6093.00,1169.00,400.00,1009.00,15801.00,94732.00,5702.00,750.00,29.00,0.00,0.00
419771,The Soviet Regime,Kwakans,UTC +0,6,592.55,4317387.00,0.00,1.00,62.00,59.00,2.00,737.00,59999.00,392.00,5.00,11.00,0.00,0.00
419966,Republik of Ege,Dr Waffles,UTC +0,4,434.85,2375444.00,490.00,484.00,2246.00,1709.00,1236.00,12885.00,45000.00,750.00,102.00,5.00,0.00,0.00
422178,The Dernian Federation,Basheem Tadic,UTC +0,3,252.91,108842894.00,1342.00,1699.00,1139.00,280.00,706.00,15805.00,44784.00,0.00,0.00,0.00,0.00,0.00
423613,DreamrWorld,Shameem,UTC +0,3,253.00,2397228.00,6.00,10.00,5.00,5.00,1135.00,9999.00,45000.00,0.00,0.00,0.00,0.00,0.00
424187,Kingdom of Venom,VenomAbir,UTC +6,10,1565.02,18982318.00,5069.00,8050.00,5000.00,5000.00,475.00,20151.00,8781.00,5000.00,705.00,0.00,0.00,0.00
425288,Nova Anglia,Darrel,UTC +0,3,272.73,218835920.00,2803.00,1800.00,3625.00,2541.00,2116.00,20109.00,44322.00,0.00,0.00,0.00,0.00,0.00
425848,Sokaria,Smelly Fard,UTC +0,3,272.90,163478398.00,6034.00,2382.00,2070.00,4724.00,1821.00,9358.00,44756.00,0.00,0.00,0.00,0.00,0.00
426471,Packy Stan,Bingbongdingdong,UTC +0,3,272.90,120086251.00,7249.00,2612.00,1242.00,1250.00,1917.00,32839.00,44743.00,0.00,0.00,0.00,0.00,0.00
426910,Amstar,Gianluca Amstar,UTC +0,10,1380.45,16329431.00,3268.00,1874.00,1556.00,1604.00,1230.00,21449.00,0.00,4198.00,585.00,0.00,0.00,0.00
427707,Hailavien,Jinx,UTC +0,3,272.99,10951940.00,1266.00,1769.00,1849.00,1327.00,189.00,17970.00,44976.00,0.00,0.00,0.00,0.00,0.00
427717,New Vaticans,Demetriuz Demarcis,UTC +0,3,272.98,94782092.00,2053.00,325.00,34.00,232.00,780.00,5811.00,44958.00,0.00,0.00,0.00,0.00,0.00
427935,Umbrella,Albert Wesker,UTC +0,3,317.88,5192870.00,617.00,912.00,444.00,545.00,548.00,3841.00,45000.00,2250.00,0.00,10.00,0.00,0.00
427939,Nova Mundus,Kande Fornt,UTC +0,3,263.75,69579402.00,414.00,291.00,231.00,880.00,330.00,3742.00,45000.00,250.00,15.00,0.00,0.00,0.00
428278,Nili,Honei,UTC +0,3,344.85,5876990.00,19.00,130.00,179.00,1007.00,659.00,13638.00,45000.00,1750.00,63.00,3.00,0.00,0.00
428733,Coalchaste,Collet,UTC +0,3,250.16,41415979.00,738.00,206.00,137.00,18.00,313.00,11159.00,37891.00,0.00,0.00,0.00,0.00,0.00
428758,Rosebuds,Flower,UTC +0,2,146.93,8396510.00,152.00,15.00,100.00,100.00,0.00,0.00,10066.00,100.00,18.00,0.00,0.00,0.00
428902,Beplaude,Breninin,UTC +0,3,252.94,8897893.00,1022.00,1595.00,686.00,520.00,629.00,4462.00,45000.00,0.00,0.00,0.00,0.00,0.00
429051,United Arabia,Abdullah khan,UTC +0,4,398.75,2423292.00,311.00,1270.00,344.00,801.00,57.00,3168.00,39000.00,894.00,51.00,2.00,0.00,0.00
429113,Banana,Abdullahziz,UTC +0,3,272.89,14373433.00,800.00,300.00,300.00,691.00,93.00,94.00,45000.00,0.00,0.00,0.00,0.00,0.00
429207,Matras,Naofumi,UTC +0,3,273.00,38079922.00,2077.00,1170.00,678.00,1966.00,544.00,32745.00,45000.00,0.00,0.00,0.00,0.00,0.00
429853,Enstabia,Rostes,UTC +0,3,252.83,21621163.00,643.00,429.00,686.00,663.00,66.00,0.00,44581.00,0.00,0.00,0.00,0.00,0.00
430057,The Sanctuary Republic,Cybrigand,UTC +0,3,272.88,23178730.00,1335.00,1052.00,1155.00,1345.00,579.00,23485.00,44701.00,0.00,0.00,0.00,0.00,0.00
430499,Sovngarde,Scott I,UTC +0,3,273.00,6557203.00,501.00,501.00,500.00,501.00,188.00,4337.00,45000.00,0.00,0.00,0.00,0.00,0.00
430696,Britanian Empire,Lelouch v Britannia,UTC +0,3,272.70,13082874.00,1501.00,1500.00,1501.00,1502.00,179.00,13041.00,44255.00,0.00,0.00,0.00,0.00,0.00
430966,Sadala,Saiyan,UTC -6,3,253.00,5699845.00,1581.00,1507.00,1505.00,1435.00,135.00,19285.00,45000.00,0.00,0.00,0.00,0.00,0.00
432199,Merica2,SoulSlayer26,UTC +0,4,682.64,31924350.00,1751.00,688.00,752.00,1915.00,497.00,10501.00,58477.00,3750.00,285.00,30.00,0.00,0.00
433035,United Federation of Germany,The Virtuoso,UTC +2,3,272.79,17853170.00,1508.00,1584.00,1566.00,1532.00,786.00,22827.00,44480.00,0.00,0.00,0.00,0.00,0.00
433228,Alamut,Maurice perc,UTC +0,3,253.00,20050572.00,346.00,404.00,417.00,368.00,100.00,1341.00,45000.00,0.00,0.00,0.00,0.00,0.00
433334,Republic of Ardica,Quandingus dringle,UTC +0,3,250.17,489155.00,323.00,161.00,107.00,179.00,77.00,1245.00,37918.00,0.00,0.00,0.00,0.00,0.00
433405,La federation,Gio80,UTC +0,3,252.95,10327633.00,837.00,1583.00,17.00,147.00,501.00,5301.00,44871.00,0.00,0.00,0.00,0.00,0.00
433727,Noctre,Acquaintance,UTC +0,3,275.25,6457818.00,415.00,128.00,39.00,477.00,469.00,13432.00,41870.00,140.00,0.00,0.00,0.00,0.00
434505,New Holland,Willem-Alexander,UTC +0,2,121.40,1467611.00,25.00,35.00,32.00,99.00,0.00,0.00,4999.00,20.00,3.00,0.00,0.00,0.00
435063,Ghanaa,Frank Antwi Oteng,UTC +0,3,252.92,3813703.00,854.00,329.00,842.00,645.00,69.00,497.00,44795.00,0.00,0.00,0.00,0.00,0.00
436143,Hakoth,Eryn,UTC +0,5,435.00,20635441.00,35.00,60.00,0.00,0.00,0.00,779.00,0.00,0.00,0.00,0.00,0.00,0.00
437005,Burper,NTT,UTC +0,3,242.45,2077436.00,59.00,0.00,29.00,30.00,83.00,0.00,3000.00,0.00,0.00,0.00,0.00,0.00
438359,Ravenfell,mel_anch0ly,UTC +0,1,15.85,5113567.00,0.00,0.00,0.00,0.00,0.00,0.00,1500.00,0.00,0.00,0.00,0.00,0.00
438495,The Banana Land,golden banana,UTC +0,2,103.83,4440924.00,0.00,0.00,0.00,0.00,0.00,0.00,2000.00,0.00,0.00,0.00,0.00,0.00